<?xml version="1.0" encoding="UTF-8" ?>
<!DOCTYPE struts PUBLIC
    "-//Apache Software Foundation//DTD Struts Configuration 2.1//EN"
    "http://struts.apache.org/dtds/struts-2.1.dtd">
<struts>	
	<package name="core-default" abstract="true" extends="struts-default">
		<interceptors>
			<!--基本栈-->
			<interceptor-stack name="simpleStack">
				<interceptor-ref name="fileUpload"/>
				<interceptor-ref name="params">
					<param name="excludeParams">dojo\..*</param>
				</interceptor-ref>
				<interceptor-ref name="conversionError"/>
                <interceptor-ref name="validation">
                    <param name="excludeMethods">input,back,cancel,browse</param>
                </interceptor-ref>
                <interceptor-ref name="workflow">
                    <param name="excludeMethods">input,back,cancel,browse</param>
					<param name="inputResultName">showError</param>
					<param name="alwaysInvokeValidate">false</param>
                </interceptor-ref>
			</interceptor-stack>
			<!--普通栈-->
			<interceptor-stack name="commonStack">
				<interceptor-ref name="startTime"/>
				<interceptor-ref name="exception">
					<param name="logEnabled">true</param>
					<param name="logLevel">warn</param>
				</interceptor-ref>
				<interceptor-ref name="domain"/>
				<interceptor-ref name="simpleStack"/>
			</interceptor-stack>
			<!--上传栈-->
			<interceptor-stack name="uploadStack">
				<interceptor-ref name="startTime"/>
				<interceptor-ref name="exception">
					<param name="logEnabled">true</param>
					<param name="logLevel">warn</param>
				</interceptor-ref>
				<interceptor-ref name="domain"/>
				<interceptor-ref name="fileUpload">
					<!--
						<param name="allowedTypes">
							 image/bmp,image/png,image/gif,image/jpeg,image/pjpeg,application/x-shockwave-flash,text/css,text/js,text/javascript
						</param>
						-->
				</interceptor-ref>
				<interceptor-ref name="simpleStack"/>
			</interceptor-stack>
			<!--AJAX栈-->
			<interceptor-stack name="ajaxStack">
				<interceptor-ref name="startTime"/>
				<interceptor-ref name="exception">
					<param name="logEnabled">true</param>
					<param name="logLevel">warn</param>
				</interceptor-ref>
				<interceptor-ref name="domain"/>
				<interceptor-ref name="params">
					<param name="excludeParams">dojo\..*</param>
				</interceptor-ref>
				<interceptor-ref name="conversionError"/>
				<interceptor-ref name="validation">
					<param name="excludeMethods">
						input,back,cancel,browse
					</param>
				</interceptor-ref>
			</interceptor-stack>
			<!--标签栈-->
			<interceptor-stack name="tagStack">
				<interceptor-ref name="startTime"/>
				<interceptor-ref name="exception">
					<param name="logEnabled">true</param>
					<param name="logLevel">warn</param>
				</interceptor-ref>
				<interceptor-ref name="url"/>
				<interceptor-ref name="params">
					<param name="excludeParams">dojo\..*</param>
				</interceptor-ref>
			</interceptor-stack>
			<!--独立页面栈-->
			<interceptor-stack name="indeStack">
				<interceptor-ref name="startTime"/>
				<interceptor-ref name="exception">
					<param name="logEnabled">true</param>
					<param name="logLevel">warn</param>
				</interceptor-ref>
				<interceptor-ref name="domain"/>
				<interceptor-ref name="cookieIdentity"/>
				<interceptor-ref name="url"/>
				<interceptor-ref name="params">
					<param name="excludeParams">dojo\..*</param>
				</interceptor-ref>
				<interceptor-ref name="conversionError"/>
				<interceptor-ref name="validation">
					<param name="excludeMethods">
						input,back,cancel,browse
					</param>
				</interceptor-ref>
			</interceptor-stack>
			<!--空栈-->
			<interceptor-stack name="emptyStack">
				<interceptor-ref name="exception"/>
			</interceptor-stack>
		</interceptors>
		<default-interceptor-ref name="commonStack" />
		<global-results>
            <result name="showError">/WEB-INF/common/show_error.html</result>
            <result name="json" type="json"/>
            <result name="indexPage" type="redirect">/</result>
			<result name="redirect" type="redirect">${redirectUrl}</result>
			<result name="websiteNotFound">/website_not_found.html</result>
            <!--JEECMS会员登录-->
            <result name="cmsMemberLogin" type="redirect">${rootWebUrl}/jeecms/LoginAloneInput.jspx?errorMsg=true&amp;redirectUrl=${wholeUrl}</result>
            <!--JEEBBS会员登录-->
            <result name="bbsMemberLogin" type="redirect">${rootWebUrl}/jeebbs/LoginAloneInput.jspx?errorMsg=true&amp;redirectUrl=${wholeUrl}</result>
        </global-results>
	</package>
	<package name="upload-default" abstract="true" extends="core-default">
		<default-interceptor-ref name="uploadStack" />
	</package>
	<package name="empty-default" abstract="true" extends="core-default">
		<default-interceptor-ref name="emptyStack" />
	</package>
	<package name="ajax-default" abstract="true" extends="core-default">
		<default-interceptor-ref name="ajaxStack" />
	</package>
	<package name="tag-default" abstract="true" extends="core-default">
		<default-interceptor-ref name="tagStack" />
	</package>
	<package name="inde-default" abstract="true" extends="core-default">
		<default-interceptor-ref name="indeStack" />
	</package>
</struts>
