<?xml version="1.0" encoding="UTF-8"?>
<beans xmlns="http://www.springframework.org/schema/beans"
	xmlns:xsi="http://www.w3.org/2001/XMLSchema-instance" xmlns:context="http://www.springframework.org/schema/context"
	xmlns:tx="http://www.springframework.org/schema/tx" xmlns:aop="http://www.springframework.org/schema/aop"
	xsi:schemaLocation="http://www.springframework.org/schema/beans http://www.springframework.org/schema/beans/spring-beans-3.0.xsd
        http://www.springframework.org/schema/context http://www.springframework.org/schema/context/spring-context-3.0.xsd
        http://www.springframework.org/schema/aop http://www.springframework.org/schema/aop/spring-aop-3.0.xsd
        http://www.springframework.org/schema/tx http://www.springframework.org/schema/tx/spring-tx-3.0.xsd">

	<bean id="parentDataSource" class="org.apache.commons.dbcp.BasicDataSource"
		destroy-method="close">
		<property name="maxActive" value="${dbpool.maxActive}" />
		<property name="maxIdle" value="${dbpool.maxIdle}" />
		<property name="minIdle" value="${dbpool.minIdle}" />
		<property name="initialSize" value="${dbpool.initialSize}" />
	</bean>
	<bean id="DSMySQL" parent="parentDataSource">
		<property name="driverClassName" value="${jdbc.driverClassName}" />
		<property name="url" value="${jdbc.url}" />
		<property name="username" value="${jdbc.username}" />
		<property name="password" value="${jdbc.password}" />
	</bean>
	<bean id="DSORACLE" parent="parentDataSource">
		<property name="driverClassName" value="${jdbc.driverClassName.ds.oracle}" />
		<property name="url" value="${jdbc.url.ds.oracle}" />
		<property name="username" value="${jdbc.username}" />
		<property name="password" value="${jdbc.password}" />
	</bean>
	<bean id="dataSource" class="sshdemo.core.DynamicDataSource">
		<property name="targetDataSources">
			<map key-type="java.lang.String">
				<entry key="MYSQL" value-ref="DSMySQL" />
				<entry key="ORACLE" value-ref="DSORACLE" />
			</map>
		</property>
		<property name="defaultTargetDataSource" ref="DSMySQL" />
	</bean>

	<bean id="sessionFactory"
		class="org.springframework.orm.hibernate3.annotation.AnnotationSessionFactoryBean">
		<property name="dataSource" ref="dataSource" />
		<property name="configLocation" value="classpath:hibernate.cfg.xml" />
	</bean>

	<bean id="transactionManager"
		class="org.springframework.orm.hibernate3.HibernateTransactionManager">
		<property name="sessionFactory" ref="sessionFactory" />
	</bean>

</beans>
