<?xml version="1.0" encoding="UTF-8"?>
<beans xmlns="http://www.springframework.org/schema/beans"
	xmlns:xsi="http://www.w3.org/2001/XMLSchema-instance" xmlns:context="http://www.springframework.org/schema/context"
	xmlns:tx="http://www.springframework.org/schema/tx" xmlns:aop="http://www.springframework.org/schema/aop"
	xsi:schemaLocation="http://www.springframework.org/schema/beans http://www.springframework.org/schema/beans/spring-beans-2.5.xsd
        http://www.springframework.org/schema/context http://www.springframework.org/schema/context/spring-context-2.5.xsd
        http://www.springframework.org/schema/aop http://www.springframework.org/schema/aop/spring-aop-2.5.xsd
        http://www.springframework.org/schema/tx http://www.springframework.org/schema/tx/spring-tx-2.5.xsd">

	<!-- spring的配置最好不要Annotation和传统XML混用 -->

	<!-- spring-mvc配置 -->
	<context:annotation-config />

	<!-- Hibernate配置(多个数据源) -->
	<bean id="parentDataSource"
		class="org.springframework.jdbc.datasource.DriverManagerDataSource"
		destroy-method="close">
		<!--
			<property name="maxPoolSize" value="40" /> <property
			name="minPoolSize" value="5" /> <property name="initialPoolSize"
			value="5" /> <property name="maxIdleTime" value="20" />
		-->
	</bean>
	<bean id="DSMySQL" parent="parentDataSource">
		<property name="url" value="jdbc:mysql://localhost:3306/test" />
		<property name="driverClassName" value="com.mysql.jdbc.Driver" />
		<property name="username" value="root" />
		<property name="password" value="sa" />
	</bean>
	<bean id="DSORACLE" parent="parentDataSource">
		<property name="url" value="jdbc:oracle:thin:@localhost:1521:xe" />
		<property name="driverClassName" value="oracle.jdbc.driver.OracleDriver" />
		<property name="username" value="root" />
		<property name="password" value="sa" />
	</bean>
	<bean id="dataSource" class="core.DynamicDataSource">
		<property name="targetDataSources">
			<map key-type="java.lang.String">
				<entry key="MYSQL" value-ref="DSMySQL" />
				<entry key="ORACLE" value-ref="DSORACLE" />
			</map>
		</property>
		<property name="defaultTargetDataSource" ref="DSMySQL" />
	</bean>

	<bean id="sessionFactory"
		class="org.springframework.orm.hibernate3.LocalSessionFactoryBean">
		<property name="dataSource" ref="dataSource" />
		<property name="configLocation" value="classpath:hibernate.cfg.xml" />
	</bean>

	<!-- 事务配置 -->
	<bean id="transactionManager"
		class="org.springframework.orm.hibernate3.HibernateTransactionManager">
		<property name="sessionFactory" ref="sessionFactory" />
	</bean>
	<!-- tx:annotation-driven transaction-manager="transactionManager" -->
	<tx:annotation-driven />
	<!--
		<bean id="transactionManager"
		class="org.springframework.transaction.jta.JtaTransactionManager">
		<property name="userTransaction" ref="jotmJta"/> </bean>
		<tx:jta-transaction-manager/>
	-->
	
	<import resource="applicationContext-dao.xml" />
	<import resource="applicationContext-service.xml" />

</beans>
