<?xml version="1.0" encoding="UTF-8"?>
<!DOCTYPE hibernate-configuration PUBLIC "-//Hibernate/Hibernate Configuration DTD 3.0//EN" "http://hibernate.sourceforge.net/hibernate-configuration-3.0.dtd">
<hibernate-configuration>
	<session-factory>
	
		<property name="hibernate.dialect">org.hibernate.dialect.HSQLDialect</property>

		<property name="hibernate.show_sql">true</property>
		<property name="hibernate.format_sql">true</property>
		<property name="hibernate.use_sql_comments">true</property>
		
		<!-- <property name="current_session_context_class">thread</property> -->
		
		<property name="hibernate.jdbc.batch_size">20</property>

		<!--mapping file-->
		<mapping resource="po/Child.hbm.xml" />
		<mapping resource="po/Father.hbm.xml" />
		<mapping resource="po/Student.hbm.xml" />
		<mapping resource="po/Teacher.hbm.xml" />

	</session-factory>
</hibernate-configuration>
