<?xml version="1.0" encoding="ISO-8859-1"?>
<!DOCTYPE hibernate-mapping PUBLIC "-//Hibernate/Hibernate Mapping DTD 3.0//EN" "http://hibernate.sourceforge.net/hibernate-mapping-3.0.dtd">

<hibernate-mapping>
  <class table="father" name="po.Father">
    <id name="id" column="id" length="32">
      <generator class="uuid.hex"/>
    </id>
    <property name="name" length="32" column="name" not-null="true" type="java.lang.String"/>
    <property name="age" length="32" column="age" type="java.lang.Integer"/>
    <property name="old" column="old" type="boolean"/>
    <set table="child" name="children">
      <key column="father_id"/>
      <one-to-many class="po.Child"/>
    </set>
  </class>
</hibernate-mapping>
