<?xml version="1.0" encoding="ISO-8859-1"?>
<!DOCTYPE hibernate-mapping PUBLIC "-//Hibernate/Hibernate Mapping DTD 3.0//EN" "http://hibernate.sourceforge.net/hibernate-mapping-3.0.dtd">

<hibernate-mapping>
  <class table="teacher" name="po.Teacher">
    <id name="id" column="id" length="32">
      <generator class="uuid.hex"/>
    </id>
    <property name="name" length="32" column="name" not-null="true" type="java.lang.String"/>
    <set table="teacher_student_relation" name="students">
      <key column="teacher_id"/>
      <many-to-many class="po.Student" column="student_id"/>
    </set>
  </class>
</hibernate-mapping>
