<?xml version="1.0" encoding="utf-8"?>
<!DOCTYPE urlrewrite PUBLIC "-//tuckey.org//DTD UrlRewrite 3.2//EN"
        "http://tuckey.org/res/dtds/urlrewrite3.2.dtd">
<urlrewrite>

	<rule>
		<from>/blog/(.+).html</from>
		<to>/blog.html?t=$1</to>
	</rule>

	<rule>
		<from>/article/([0-9]{8})/([0-9a-zA-Z-_]+).html</from>
		<to>/article.html?ct=$1&amp;alias=$2</to>
	</rule>

	<rule>
		<from>/article/(.+).html</from>
		<to>/article.html?id=$1</to>
	</rule>

	<rule>
		<from>/article(/?)$</from>
		<to type="redirect">/blog.html</to>
	</rule>

	<rule>
		<from>/blog(/?)$</from>
		<to>/blog.html</to>
	</rule>

	<rule>
		<from>/home(/?)$</from>
		<to>/index.html</to>
	</rule>

	<rule>
		<from>/about(/?)$</from>
		<to>/about.html</to>
	</rule>

	<rule>
		<from>/guestbook(/?)$</from>
		<to>/guestbook.html</to>
	</rule>

	<rule>
		<from>/contact(/?)$</from>
		<to>/contact.html</to>
	</rule>

</urlrewrite>

