<?xml version="1.0"?>
<!DOCTYPE hibernate-mapping PUBLIC
	"-//Hibernate/Hibernate Mapping DTD//EN"
	"http://hibernate.sourceforge.net/hibernate-mapping-3.0.dtd" >

<hibernate-mapping package="com.jeecms.core.entity">
	<class
		name="Role"
		table="CORE_ROLE"
	>
		<meta attribute="sync-DAO">false</meta>
		<cache usage="read-write"/>
		<id
			name="id"
			type="java.lang.Long"
			column="ROLE_ID"
		>
			<generator class="native"/>
		</id>
		<property
			name="name"
			column="NAME"
			type="string"
			not-null="false"
			length="50"
		/>
		<property
			name="description"
			column="DESCRIPTION"
			type="string"
			not-null="false"
			length="250"
		/>
		<set
			name="admins"
			table="CORE_USER_ROLE"
			inverse="true"
		>
			<key column="ROLE_ID"/>
			<many-to-many column="ADMIN_ID" class="Admin"/>
		</set>
		<set
			name="functions"
			table="CORE_ROLE_FUNCTION"
		>
			<key column="ROLE_ID"/>
			<many-to-many column="FUNCTION_ID" class="Function"/>
		</set>


	</class>	
</hibernate-mapping>