<?xml version="1.0" encoding="UTF-8"?>
<beans xmlns="http://www.springframework.org/schema/beans"
	xmlns:xsi="http://www.w3.org/2001/XMLSchema-instance"
	xmlns:context="http://www.springframework.org/schema/context"
	xmlns:tx="http://www.springframework.org/schema/tx"
	xmlns:aop="http://www.springframework.org/schema/aop"
	xsi:schemaLocation="http://www.springframework.org/schema/beans http://www.springframework.org/schema/beans/spring-beans-2.5.xsd
        http://www.springframework.org/schema/context http://www.springframework.org/schema/context/spring-context-2.5.xsd
        http://www.springframework.org/schema/aop http://www.springframework.org/schema/aop/spring-aop-2.5.xsd
        http://www.springframework.org/schema/tx http://www.springframework.org/schema/tx/spring-tx-2.5.xsd">

	<!-- DAO定义 -->
	<bean id="FatherDao" class="sshdemo.dao.hibernate.FatherDaoHibernate">
		<property name="sessionFactory" ref="sessionFactory" />
	</bean>
	<bean id="ChildDao" class="sshdemo.dao.hibernate.ChildDaoHibernate">
		<property name="sessionFactory" ref="sessionFactory" />
	</bean>
	<bean id="TeacherDao" class="sshdemo.dao.hibernate.TeacherDaoHibernate">
		<property name="sessionFactory" ref="sessionFactory" />
	</bean>

</beans>
