<?xml version="1.0" encoding="UTF-8"?>
<beans xmlns="http://www.springframework.org/schema/beans"
	xmlns:xsi="http://www.w3.org/2001/XMLSchema-instance" xmlns:context="http://www.springframework.org/schema/context"
	xmlns:tx="http://www.springframework.org/schema/tx" xmlns:aop="http://www.springframework.org/schema/aop"
	xsi:schemaLocation="http://www.springframework.org/schema/beans http://www.springframework.org/schema/beans/spring-beans-2.5.xsd
        http://www.springframework.org/schema/context http://www.springframework.org/schema/context/spring-context-2.5.xsd
        http://www.springframework.org/schema/aop http://www.springframework.org/schema/aop/spring-aop-2.5.xsd
        http://www.springframework.org/schema/tx http://www.springframework.org/schema/tx/spring-tx-2.5.xsd">

	<!-- spring-mvc配置 -->
	<context:annotation-config />

	<!-- 数据源配置(多个数据源) -->
	<bean id="parentDataSource"
		class="org.springframework.jdbc.datasource.DriverManagerDataSource">
	</bean>
	<bean id="DSMySQL" parent="parentDataSource">
		<property name="url" value="jdbc:mysql://localhost:3306/test" />
		<property name="driverClassName" value="com.mysql.jdbc.Driver" />
		<property name="username" value="root" />
		<property name="password" value="sa" />
	</bean>
	<bean id="DSORACLE" parent="parentDataSource">
		<property name="url" value="jdbc:oracle:thin:@localhost:1521:xe" />
		<property name="driverClassName" value="oracle.jdbc.driver.OracleDriver" />
		<property name="username" value="root" />
		<property name="password" value="sa" />
	</bean>
	<bean id="dataSource" class="sshdemo.core.DynamicDataSource">
		<property name="targetDataSources">
			<map key-type="java.lang.String">
				<entry key="MYSQL" value-ref="DSMySQL" />
				<entry key="ORACLE" value-ref="DSORACLE" />
			</map>
		</property>
		<property name="defaultTargetDataSource" ref="DSMySQL" />
	</bean>

	<import resource="applicationContext-transaction.xml" />
	<import resource="applicationContext-dao.xml" />

	<import resource="applicationContext-service.xml" />

    <bean id="messageSource" class="org.springframework.context.support.ResourceBundleMessageSource">
        <property name="basename" value="ApplicationResources"/>
        <property name="useCodeAsDefaultMessage" value="true"/>
    </bean>

</beans>
