<?xml version="1.0" encoding="utf-8"?>
<!DOCTYPE hibernate-configuration PUBLIC "-//Hibernate/Hibernate Configuration DTD 3.0//EN" "http://hibernate.sourceforge.net/hibernate-configuration-3.0.dtd">
<hibernate-configuration>
	<session-factory>
		<property name="hibernate.dialect">org.hibernate.dialect.HSQLDialect</property>
		<property name="hibernate.show_sql">true</property>
		<property name="hibernate.format_sql">true</property>
		<property name="hibernate.use_sql_comments">true</property>
		<property name="hibernate.jdbc.batch_size">20</property>
		<!--mapping file-->
		<mapping class="sshdemo.entity.Child" />
		<mapping class="sshdemo.entity.Father" />
		<mapping class="sshdemo.entity.Student" />
		<mapping class="sshdemo.entity.Teacher" />
	</session-factory>
</hibernate-configuration>
