<?xml version="1.0" encoding="UTF-8"?>
<beans xmlns="http://www.springframework.org/schema/beans"
	xmlns:xsi="http://www.w3.org/2001/XMLSchema-instance" xmlns:util="http://www.springframework.org/schema/util"
	xmlns:p="http://www.springframework.org/schema/p" xmlns:context="http://www.springframework.org/schema/context"
	xsi:schemaLocation="http://www.springframework.org/schema/beans
    http://www.springframework.org/schema/beans/spring-beans-3.0.xsd
    http://www.springframework.org/schema/context
    http://www.springframework.org/schema/context/spring-context-3.0.xsd
    http://www.springframework.org/schema/util http://www.springframework.org/schema/util/spring-util-3.0.xsd">

	<bean id="freemarkerConfig"
		class="org.springframework.web.servlet.view.freemarker.FreeMarkerConfigurer">
		<property name="templateLoaderPath" value="/WEB-INF/templates/" />
		<property name="freemarkerSettings">
			<props>
				<prop key="defaultEncoding">UTF-8</prop>
				<prop key="url_escaping_charset">UTF-8</prop>
				<prop key="locale">zh_CN</prop>
				<prop key="template_update_delay">0</prop>
				<prop key="number_format">0.####</prop>
				<prop key="datetime_format">yyyy-MM-dd HH:mm:ss</prop>
				<prop key="date_format">yyyy-MM-dd</prop>
				<prop key="time_format">HH:mm:ss</prop>
			</props>
		</property>
	</bean>
	<bean id="viewResolver"
		class="org.springframework.web.servlet.view.freemarker.FreeMarkerViewResolver">
		<property name="cache" value="true" />
		<property name="prefix" value="" />
		<property name="suffix" value=".ftl" />
		<property name="contentType" value="text/html;charset=utf-8" />
	</bean>

	<!-- 基于annotation的action -->
	<context:component-scan base-package="sshdemo.web" />
	<context:component-scan base-package="sshdemo.test.web" />
	<context:component-scan base-package="sshdemo.web.rest" />

	<bean id="annotationMapper"
		class="org.springframework.web.servlet.mvc.annotation.DefaultAnnotationHandlerMapping" />
	<bean
		class="org.springframework.web.servlet.mvc.annotation.AnnotationMethodHandlerAdapter">
		<property name="messageConverters">
			<util:list id="beanList">
				<ref bean="mappingJacksonHttpMessageConverter" />
			</util:list>
		</property>
	</bean>
	<bean id="mappingJacksonHttpMessageConverter"
		class="org.springframework.http.converter.json.MappingJacksonHttpMessageConverter" />

	<!-- 基于配置的action -->
	<bean
		class="org.springframework.web.servlet.mvc.SimpleControllerHandlerAdapter" />
	<bean id="urlMapping"
		class="org.springframework.web.servlet.handler.SimpleUrlHandlerMapping">
		<property name="mappings">
			<value>
				/redirecttest.action=redirectController
				/response.action=responseFrom
	        </value>
		</property>
		<property name="order" value="0" />
	</bean>

	<bean id="redirectController" class="sshdemo.web.standard.RedirectController" />
	<bean id="responseFrom" class="sshdemo.web.standard.ResponseFrom" />

</beans>
