<?xml version="1.0" encoding="UTF-8" ?>
<!DOCTYPE struts PUBLIC
    "-//Apache Software Foundation//DTD Struts Configuration 2.1//EN"
    "http://struts.apache.org/dtds/struts-2.1.dtd">
<struts>
	<!--独立模板-->
	<package name="auxiliary.front.inde" namespace="/jeecms" extends="inde-default">
		<!--留言板-->
		<action name="Guestbook*" method="guestbook" class="auxiliary.auxiIndeAct">
			<result>${tplPath}</result>
		</action>
		<!--投票-->
		<action name="VoteResult" method="voteResult" class="auxiliary.auxiIndeAct">
			<result>${tplPath}</result>
		</action>
	</package>
	<!--标签-->
	<package name="auxiliary.front.tag" namespace="/jeecms/tag/auxiliary" extends="tag-default">
		<!--留言列表-->
		<action name="MsgList" method="msgList" class="auxiliary.msgPartAct">
			<result name="sysTpl">/WEB-INF/ftl_lib/jeecms/auxiliary/msg_list.ftl</result>
			<result>${tplPath}</result>
		</action>
		<!--留言列表Inner-->
		<action name="MsgListInner" method="msgListInner" class="auxiliary.msgPartAct">
			<result></result>
		</action>
		<!--留言类别-->
		<action name="MsgCtgListInner" method="msgCtgListInner" class="auxiliary.msgPartAct">
			<result></result>
		</action>
		<!--投票-->
		<action name="VoteTopic" method="voteTopic" class="auxiliary.votePartAct">			
			<result name="sysTpl">/WEB-INF/ftl_lib/jeecms/auxiliary/vote_topic.ftl</result>
			<result>${tplPath}</result>
		</action>
		<!--投票Inner-->
		<action name="VoteTopicInner" method="msgCtgListInner" class="auxiliary.msgPartAct">
			<result></result>
		</action>
	</package>
	<!--AJAX-->
	<package name="auxiliary.front.ajax" namespace="/jeecms/ajax/auxiliary" extends="ajax-default">
		<!--留言-->
		<action name="msgSave" method="msgSave" class="auxiliary.auxiFrontAjaxAct">
			<result type="json"/>
		</action>
	</package>
</struts>