<?xml version="1.0" encoding="UTF-8"?>
<beans xmlns="http://www.springframework.org/schema/beans"
  xmlns:xsi="http://www.w3.org/2001/XMLSchema-instance" xmlns:context="http://www.springframework.org/schema/context"
  xmlns:tx="http://www.springframework.org/schema/tx" xmlns:aop="http://www.springframework.org/schema/aop"
  xsi:schemaLocation="http://www.springframework.org/schema/beans http://www.springframework.org/schema/beans/spring-beans-2.5.xsd
                http://www.springframework.org/schema/context http://www.springframework.org/schema/context/spring-context-2.5.xsd
                http://www.springframework.org/schema/aop http://www.springframework.org/schema/aop/spring-aop-2.5.xsd">


  <!--
    <bean id="GreetingAop" class="com.hg.aop.GreetingAop" /> <aop:config>
    <aop:aspect ref="GreetingAop"> <aop:pointcut id="apc"
    expression="execution(* com.hg.components.dao.impl.Greeting*.*(..))"
    /> <aop:around pointcut-ref="apc" method="doBasicProfiling" />
    </aop:aspect> </aop:config>
  -->
  <!--
    <bean id="AdminAop" class="com.hg.aop.AdminAop" /> <aop:config>
    <aop:aspect ref="AdminAop"> <aop:pointcut id="apc2"
    expression="execution(* com.hg.platform.controller.B*.*(..))" />
    <aop:around pointcut-ref="apc2" method="doBasicProfiling" />
    </aop:aspect> </aop:config>
  -->

</beans>