<?xml version="1.0" encoding="UTF-8"?>

<!--

state是普通的状态节点
task则是在其基础上增加了特定用户的访问条件
task中还有泳道的概念，相当设定了一个用户组的全局变量

decision是条件节点
fork是分叉节点
join是合流节点

 -->

<process name="askforleave" xmlns="http://jbpm.org/4.3/jpdl">
   <on event="start"><!-- 可以为任意节点定义listener -->
      <event-listener class="jbpmdemo.listener.ProcessEventListener">
        <field name="msg"><string value="askforleave流程开始"/></field>
      </event-listener>
   </on>
   <on event="end">
      <event-listener class="jbpmdemo.listener.ProcessEventListener">
        <field name="msg"><string value="askforleave流程结束"/></field>
      </event-listener>
   </on>
   <start g="159,6,48,48" name="start1">
      <on event="end">
         <event-listener class="jbpmdemo.listener.ProcessEventListener">
           <field name="msg"><string value="to申请节点 结束"/></field>
         </event-listener>
      </on>
      <transition g="-47,-17" name="to 申请" to="申请"/>
   </start>
   <task assignee="#{applyer}" form="apply?1=1" g="137,84,92,52" name="申请">
      <transition to="经理审批"/><!--如果写name属性，必须指定outcome(TaskService.completeTask)-->
   </task>
   <task assignee="manager" form="audit?type=manager" g="139,172,92,52" name="经理审批">
      <on event="start">
         <event-listener class="jbpmdemo.listener.ProcessEventListener">
           <field name="msg"><string value="经理审批 开始"/></field>
         </event-listener>
      </on>
      <on event="end">
         <event-listener class="jbpmdemo.listener.ProcessEventListener">
           <field name="msg"><string value="经理审批 结束"/></field>
         </event-listener>
      </on>
      <transition g="-83,-17" name="批准" to="exclusive1"/>
      <transition g="82,195;82,110:-47,-17" name="驳回" to="申请"/>
   </task>
   <decision expr="#{day > 3 ? 'to 老板审批' : 'to end1'}" g="161,258,48,48" name="exclusive1">
      <transition g="328,283:-71,-17" name="to 老板审批" to="老板审批"/>
      <transition g="-47,-17" name="to end1" to="end1"/>
   </decision>
   <task assignee="boss" form="audit?type=boss" g="279,301,92,52" name="老板审批">
      <transition g="324,388:-47,-17" name="批准" to="end1"/>
      <transition g="403,326;402,111:-47,-17" name="驳回" to="申请"/>
   </task>
   <end g="163,365,48,48" name="end1"/>
</process>