<?xml version="1.0" encoding="UTF-8"?>
<beans xmlns="http://www.springframework.org/schema/beans" xmlns:xsi="http://www.w3.org/2001/XMLSchema-instance"
	xmlns:jee="http://www.springframework.org/schema/jee" xmlns:tx="http://www.springframework.org/schema/tx"
	xmlns:context="http://www.springframework.org/schema/context"
	xsi:schemaLocation="http://www.springframework.org/schema/beans http://www.springframework.org/schema/beans/spring-beans-2.5.xsd http://www.springframework.org/schema/tx http://www.springframework.org/schema/tx/spring-tx-2.5.xsd http://www.springframework.org/schema/jee http://www.springframework.org/schema/jee/spring-jee-2.5.xsd http://www.springframework.org/schema/context http://www.springframework.org/schema/context/spring-context-2.5.xsd"
	>
	<!--密码加密器-->
	<bean id="pwdEncoder" class="com.jeecms.common.util.Md5PwdEncoder">
		<property name="salt">
			<value>PONY</value>
		</property>
	</bean>
	<!--验证码生成器-->
	<bean id="imageCaptchaService" class="com.jeecms.common.checkcode.CaptchaService">
		<constructor-arg type="com.octo.captcha.service.captchastore.CaptchaStore" index="0">
			<ref bean="fastHashMapCaptchaStore"/>
		</constructor-arg>   
		<!--which captcha Engine you use-->   
		<constructor-arg type="com.octo.captcha.engine.CaptchaEngine" index="1">
			<ref bean="captchaEngineEx"/>
		</constructor-arg>   
		<constructor-arg index="2">   
			<value>180</value>   
		</constructor-arg>   
		<constructor-arg index="3">   
			<value>100000</value>   
		</constructor-arg>   
		<constructor-arg index="4">   
			<value>75000</value>   
		</constructor-arg>  
	</bean>
	<bean id="fastHashMapCaptchaStore" class="com.octo.captcha.service.captchastore.FastHashMapCaptchaStore"/>   
	<!--you can define more than one captcha engine here -->   
	<bean id="captchaEngineEx" class="com.jeecms.common.checkcode.CaptchaEngineEx"/> 
	
	<!--系统上下文信息PROVIDER-->
	<bean id="contextPvd" class="com.jeecms.common.struts2.ContextPvdImpl" autowire="byName"/>

</beans>
