<?xml version="1.0" encoding="UTF-8"?>
<assembly>
	<id>bin</id>
	<formats>
		<format>zip</format>
		<format>tar.gz</format>
	</formats>
	<includeSiteDirectory>true</includeSiteDirectory>
	<moduleSets>
		<moduleSet>
			<includes>
				<include>*:jar</include>
			</includes>
			<binaries>
				<dependencySets>
					<dependencySet>
						<outputDirectory>lib</outputDirectory>
					</dependencySet>
				</dependencySets>
				<outputFileNameMapping>
					fckeditor-${artifactId}-${version}.${extension}
				</outputFileNameMapping>
				<unpack>false</unpack>
			</binaries>
		</moduleSet>
		<moduleSet>
			<includes>
				<include>*:jar</include>
			</includes>
			<binaries>
				<attachmentClassifier>javadoc</attachmentClassifier>
				<includeDependencies>false</includeDependencies>
				<outputFileNameMapping>
					fckeditor-${artifactId}-${version}-${classifier}.${extension}
				</outputFileNameMapping>
				<unpack>false</unpack>
			</binaries>
		</moduleSet>
		<moduleSet>
			<sources>
				<includeModuleDirectory>false</includeModuleDirectory>
				<fileSets>
					<fileSet>
						<outputDirectory>
							site/${artifactId}
						</outputDirectory>
						<directory>target/site</directory>
					</fileSet>
				</fileSets>
			</sources>
		</moduleSet>
	</moduleSets>
	<fileSets>
		<fileSet>
			<includes>
				<include>*.txt</include>
			</includes>
		</fileSet>
	</fileSets>
</assembly>