<?xml version="1.0" encoding="UTF-8"?>
<assembly>
	<id>src</id>
	<formats>
		<format>zip</format>
		<format>tar.gz</format>
	</formats>
	<moduleSets>
		<moduleSet>
			<sources>
				<fileSets>
					<fileSet>
						<excludes>
							<exclude>target/</exclude>
							<exclude>.*</exclude>
							<exclude>.settings/</exclude>
						</excludes>
					</fileSet>
				</fileSets>
			</sources>
		</moduleSet>
	</moduleSets>
	<fileSets>
		<fileSet>
			<includes>
				<include>src/</include>
				<include>*.txt</include>
				<include>*.xml</include>
			</includes>
		</fileSet>
	</fileSets>
</assembly>