<?xml version="1.0" encoding="utf-8"?>
<!DOCTYPE hibernate-configuration PUBLIC "-//Hibernate/Hibernate Configuration DTD 3.0//EN"
                                         "http://hibernate.sourceforge.net/hibernate-configuration-3.0.dtd">
<hibernate-configuration>
	<session-factory>
		<!-- 对应多数据源的话，dialect就无能为力了 -->
		<property name="hibernate.dialect">org.hibernate.dialect.MySQLInnoDBDialect</property>
		<property name="hibernate.hbm2ddl.auto">update</property>
		<property name="hibernate.show_sql">true</property>
		<property name="hibernate.format_sql">true</property>
		<property name="hibernate.use_sql_comments">true</property>
		<property name="hibernate.jdbc.batch_size">20</property>

		<mapping class="sshdemo.entity.Child" />
		<mapping class="sshdemo.entity.Father" />
		<mapping class="sshdemo.entity.Teacher" />
		<mapping class="sshdemo.entity.Student" />
	</session-factory>
</hibernate-configuration>
